City,Population,Car,Transit,log_pop
"New York, NY",8443556,0.45140254741230484,0.5641242144489241,6.926525388086622
"Los Angeles, CA",3909278,0.871984985374599,0.10457358361734187,6.592096555459876
"Chicago, IL",2719231,0.7312993757118676,0.2706704419700995,6.434446102682754
"Houston, TX",3011092,0.9239175961547332,0.03564424942072689,6.478724025018551
"Phoenix, AZ",1572648,0.9128313790932912,0.0357010068059245,6.196631526968676
"Philadelphia, PA",1556863,0.6904667090063338,0.2705618890514083,6.192250397435304
"San Antonio, TX",1563783,0.9174400422012472,0.0333814261287416,6.194176487572257
"San Diego, CA",1414988,0.9319427784001348,0.04019527351239821,6.150752756781948
"Dallas, TX",1373857,0.9064799243724388,0.043310411721486954,6.137941530872803
"San Jose, CA",1058721,0.9465584082656968,0.04079236630937293,6.0247815275064465
"Austin, TX",1002107,0.9391256310709408,0.0360605625300794,6.00091409581125
"Jacksonville, FL",863631,0.914837506577591,0.024753764618319136,5.936328222924939
"Fort Worth, TX",864162,0.941506466917868,0.009455393140349941,5.936595165061122
"Columbus, OH",913711,0.90832397011314,0.03389820860058072,5.960808853335262
"San Francisco, CA",847192,0.6962113449093895,0.3328580569340379,5.927981846093457
"Charlotte, NC",837550,0.9272756611162485,0.03872058092053422,5.923010742963713
"Denver, CO",663303,0.8955997039904366,0.06965118673579848,5.821711961538538
"Seattle, WA",671409,0.832447347600646,0.2046358471869253,5.826987158514823
"Washington, DC",659009,0.6360243865396715,0.36754524247852505,5.818891345737632
"El Paso, TX",695342,0.9210506566604127,0.01860234275762761,5.842198462403525
"Boston, MA",650779,0.6524795619312047,0.33980886382530184,5.8134335302339855
"Oklahoma City, OK",646299,0.9357309900945648,0.006076080522684758,5.8104334839517335
"Detroit, MI",682428,0.7479832982461602,0.08620946177364171,5.834056837614365
"Las Vegas, NV",628350,0.9001523882301196,0.04597856199595153,5.798201619416901
"Portland, OR",646081,0.8586429360943809,0.11688220443558496,5.81028696946226
"Memphis, TN",679394,0.8844485808772204,0.025177276610321674,5.832121707122767
"Baltimore, MD",614829,0.706684946893738,0.20462791692779594,5.788754343933341
"Milwaukee, WI",598924,0.8146449223572217,0.09343273440833738,5.777371716421539
"Albuquerque, NM",587464,0.9286320015922052,0.020841858248813717,5.76898125804099
"Tucson, AZ",570382,0.8789148674150136,0.04196400844738226,5.756165811682481
"Fresno, CA",561054,0.8874195834240025,0.020946097772820825,5.749004662991267
"Mesa, AZ",497070,0.9301772377904065,0.021252716705404434,5.696417552663002
"Kansas City, MO",495117,0.8932799188047117,0.03402915461931344,5.694707838226943
"Sacramento, CA",505105,0.8991153944891322,0.0363563719369098,5.7033816675851305
"Atlanta, GA",474689,0.833876172153126,0.11877786955692135,5.6764091678998385
"Omaha, NE",502991,0.919886615650507,0.014500350258900965,5.701560214309793
"Colorado Springs, CO",478093,0.9462606382978723,0.009989191002736746,5.679512385018465
"Raleigh, NC",461563,0.9425096828363262,0.020887404773779247,5.664230987452974
"Long Beach, CA",469788,0.8928250085112592,0.07272864281135162,5.671901919209696
"Miami, FL",435610,0.7970171890798786,0.12356437292229747,5.639097840998727
"Virginia Beach, VA",449733,0.960497644902662,0.008563482984203463,5.652954755907016
"Minneapolis, MN",404670,0.8235425758084368,0.13457503157053927,5.607101009389372
"Oakland, CA",411957,0.8295551067404066,0.2017521614342969,5.6148518868163455
"Tulsa, OK",420486,0.9146374702072013,0.012129203474599594,5.6237515406239105
"Wichita, KS",392464,0.9306090727412845,0.0074795185048327105,5.593799825875174
"Arlington, TX",396445,0.9541380297823597,0.002562797603205704,5.598182944860861
"Tampa, FL",378426,0.8914798853402077,0.03193610981020929,5.5779809672345655
"Bakersfield, CA",455022,0.9382583156303911,0.010780307196506243,5.658032395003534
"New Orleans, LA",381002,0.8092919325256387,0.0850441202157981,5.580927255430695
"Cleveland, OH",388504,0.7490841394502442,0.11788138741824196,5.589395494614371
"Aurora, CO",363482,0.9340414503763644,0.057855874505862236,5.560482909021105
"Anaheim, CA",389933,0.9400879019199629,0.03781522802648441,5.590989991052155
"Santa Ana, CA",354473,0.931638870681912,0.061715811134225584,5.5495831608235155
"Corpus Christi, TX",313723,0.9156189196499464,0.019816794499568247,5.496546359331857
"Riverside, CA",347181,0.9407603094073029,0.022869442549857802,5.540555949739067
"Stockton, CA",324770,0.9001986390276522,0.015210707562276046,5.511575905309916
"Henderson, NV",305700,0.9616310652991629,0.014070399186905624,5.485295438726089
"St. Louis, MO",316030,0.7862842216449227,0.11714589324893432,5.4997283111501725
"Cincinnati, OH",305692,0.7891154989752028,0.09594310687364721,5.485284073330875
"Pittsburgh, PA",297173,0.7637765629000437,0.17607289083924493,5.473009348548556
"Plano, TX",291171,0.96865420745575,0.012575967177433523,5.46414811800656
"St. Paul, MN",297160,0.8606390633466878,0.08912105051976908,5.4729903496766585
"Orlando, FL",340544,0.9121740345098847,0.050991050234636924,5.53217323290861
"Lincoln, NE",267658,0.9319720462983184,0.013048622028552462,5.427580228492596
"Greensboro, NC",308441,0.9265957873620863,0.01844357912547807,5.489172102486103
"Newark, NJ",273624,0.6090295036003314,0.27203683916700405,5.4371541873844835
"Jersey City, NJ",261666,0.6193832068425491,0.45829131909143983,5.4177472955414245
"Chandler, AZ",247575,0.9635847960543551,0.009519151596968587,5.393706787722012
"Durham, NC",269456,0.9068070137264501,0.04836661333967438,5.430487858512411
"Irvine, CA",254589,0.958861575486699,0.015446791274874989,5.405839635207251
"Toledo, OH",286714,0.8577079687849862,0.028993199378916087,5.457448899693261
"Chula Vista, CA",284082,0.95010879516783,0.030055977345976804,5.453443716833359
"Laredo, TX",251481,0.9272428641186132,0.011583408978364481,5.400505178629074
"Reno, NV",265243,0.9052170488275809,0.026545320414557948,5.4236439313048095
"St. Petersburg, FL",260600,0.8998286422633804,0.026761233363221597,5.415974411376566
"Fort Wayne, IN",278103,0.9235626724566879,0.012162790549085208,5.444205673784758
"Madison, WI",258636,0.8843002725129904,0.09122348743754373,5.4126889749650795
"Lubbock, TX",250757,0.9388701342002167,0.010556053864929507,5.399253065397104
"Buffalo, NY",256961,0.7127238574606996,0.13115825646225981,5.40986721372015
"North Las Vegas, NV",235085,0.9361481544601139,0.03157149358945803,5.3712249191076875
"Scottsdale, AZ",235729,0.9574951914421883,0.011814651743403624,5.37241301385753
"Winston-Salem, NC",254443,0.9017251061565896,0.019163754151933648,5.405590507466376
"Irving, TX",232245,0.9492968740760015,0.01955678873973932,5.365946372845295
"Chesapeake, VA",233194,0.9572741695227254,0.007455440534109319,5.367717371985717
"Louisville, KY",271661,0.8182603587103017,0.07014259715241429,5.43402729502253
"Garland, TX",255458,0.9490719564746383,0.026182850832812903,5.407319507728608
"Norfolk, VA",240520,0.8707862572491394,0.04850901396167515,5.381151195173461
"Glendale, AZ",247451,0.9102349689831454,0.028159575220003973,5.393489213223369
"Boise City, ID",219133,0.9427726697501484,0.007131273120098631,5.340707784401038
"Hialeah, FL",244965,0.8778207342820323,0.02066006357142757,5.3891040378636905
"Baton Rouge, LA",252654,0.9028757957249487,0.028481899045422514,5.402526178347754
"Spokane, WA",230595,0.8964025141341082,0.04026982217042593,5.362849886237295
"Fremont, CA",230494,0.9544788273615635,0.09551020951341141,5.362659624733014
"Richmond, VA",214682,0.8317633040311158,0.0639333426871666,5.33179563256673
"Des Moines, IA",218633,0.9116972745350334,0.02089310147150851,5.339715714046662
"Santa Clarita, CA",221388,0.9605873369481457,0.028746291874546706,5.345154076908458
"Tacoma, WA",213618,0.9001099268747311,0.05019255913034748,5.32963784466416
"San Bernardino, CA",264596,0.8930691390129459,0.026409170303502132,5.422583274503567
"Fontana, CA",226111,0.9640979018485837,0.019615478315124932,5.35432169070934
"Birmingham, AL",278303,0.882387391266902,0.023307161249714096,5.444517887887846
"Modesto, CA",226195,0.9195904705650718,0.015362325022539177,5.354483000693728
"Fayetteville, NC",221533,0.9297156726768377,0.008971867577602136,5.345438428755066
"Huntsville, AL",244058,0.9415413742056978,0.002761725035540021,5.38749304800529
"Rochester, NY",207964,0.7431284241805182,0.11087001280575424,5.3179881621045935
"Oxnard, CA",213898,0.955247835174679,0.011592257010544832,5.330206723828075
"Moreno Valley, CA",201432,0.9583956782806398,0.013855535757425323,5.304128464824712
"Montgomery, AL",207671,0.9116835660528035,0.009227784757051301,5.3173758541696206
"Amarillo, TX",210620,0.9451290966454189,0.00822565078148415,5.32349960843175
"Salt Lake City, UT",198789,0.8876375637255531,0.06982733927381464,5.298392349017668
"Grand Prairie, TX",198818,0.9633993678214878,0.005195277389621643,5.29845570071921
"Frisco, TX",162005,0.9853507092264505,0.00383080783079573,5.209528418486457
"McKinney, TX",161096,0.9656077948420747,0.004567364747001955,5.207084757057986
"Aurora, IL",227169,0.9585642761441365,0.038409132943136956,5.356349066266526
"Glendale, CA",197895,0.8779575552723444,0.041868652039822145,5.296434821493706
"Grand Rapids, MI",206117,0.8703463342543212,0.0412580539123297,5.314113812748249
"Little Rock, AR",200072,0.9203264479646389,0.014294800852335926,5.301186313541936
"Huntington Beach, CA",203946,0.9624402223083882,0.009696098393396855,5.309515191903846
"Yonkers, NY",199725,0.7492701780354426,0.2781544503442463,5.300432429830641
"Akron, OH",210797,0.8577575127680737,0.04862283573087769,5.323864425835021
"Port St. Lucie, FL",188486,0.9661377591342939,0.0038597048554158677,5.2752790980508575
"Mobile, AL",219942,0.9139086719731881,0.008974974125863625,5.342308169908966
"Overland Park, KS",193813,0.9613761928679055,0.004254394191112976,5.287382903978491
"Tallahassee, FL",207456,0.9236180784482346,0.02476324911855207,5.31692599992281
"Knoxville, TN",242100,0.9056723476655997,0.01748568925893806,5.383994789441733
"Vancouver, WA",194573,0.9344150478114301,0.033140721724860385,5.289082575066188
"Chattanooga, TN",208242,0.8954137755965477,0.02203943404458978,5.318568326176826
"Peoria, AZ",172113,0.9542916673449123,0.006990389162956785,5.235813674598564
"Brownsville, TX",207998,0.9063639204249557,0.011041517049464562,5.318059159034205
"Shreveport, LA",210026,0.884504968715495,0.025596111407102384,5.322273061198585
"Columbus, GA",198021,0.8924947908864345,0.015166622398425054,5.296711249355006
"Worcester, MA",182167,0.8159788451534593,0.036204019713207185,5.260469706248739
"Sioux Falls, SD",168735,0.9434268525137003,0.009886055416684678,5.227205175833283
"Tempe, AZ",171314,0.8977436247385364,0.04899547666828882,5.233792855518354
"Cape Coral, FL",178909,0.9619087098705725,0.0026731494521165773,5.252632188258951
"Ontario, CA",181456,0.9532607009925558,0.0220052694769386,5.258771333097666
"Providence, RI",178851,0.8042242477702637,0.0796843446375291,5.252491372739211
"Newport News, VA",178948,0.9060331802913176,0.03762356020483007,5.252726848890775
"Fort Lauderdale, FL",185336,0.9043882022104506,0.06319629731710559,5.267959785658906
"Oceanside, CA",183809,0.9550076850227446,0.028656620744367527,5.264366772309311
"Rancho Cucamonga, CA",170658,0.9662879260831565,0.016216908655491753,5.232126651679525
"Garden Grove, CA",214408,0.9465578629959625,0.02889685890844216,5.331240985736389
"Santa Rosa, CA",185790,0.941054823853803,0.017514106923563276,5.269022334729233
"Eugene, OR",179042,0.8926529349244575,0.03851409190552481,5.252954920525386
"Salem, OR",183854,0.9171016411197521,0.025914773968699848,5.26447308298938
"Elk Grove, CA",168123,0.9703219022024887,0.019652244641591318,5.225627130987345
"Fort Collins, CO",167930,0.9530886357067888,0.018215699888380715,5.225128287982088
"Springfield, MO",199712,0.924303391170861,0.008950901970508728,5.300404160900789
"Lancaster, CA",164508,0.9205002319468069,0.014930457126800951,5.216187022476723
"Pembroke Pines, FL",170482,0.9393897316624431,0.011459356346464663,5.231678531637333
"Jackson, MS",180148,0.9021171584633673,0.009660183673045693,5.255629444955477
"Corona, CA",179396,0.9662035160137102,0.01626377137235655,5.25381275533408
"Clarksville, TN",150761,0.9561353051416696,0.009996913797161352,5.178289009469008
"Palmdale, CA",170048,0.93943579440817,0.023872457706439466,5.230571528394164
"Pasadena, TX",165372,0.940216374050088,0.004596083248985703,5.2184619787661495
"Lakewood, CO",161149,0.9354434072345391,0.047563525083405986,5.20722761486958
"Alexandria, VA",151473,0.9009006361753081,0.2163307081293823,5.180335226923986
"Hayward, CA",163545,0.9405674385007424,0.09159377902147493,5.213637271141508
"Springfield, MA",153991,0.7758266125426941,0.05671673754647796,5.187495339248441
"Pomona, CA",156083,0.9313896648044693,0.030365068048550752,5.193355603842411
"Killeen, TX",141687,0.942414197356187,0.005539744002482662,5.151330004889214
"Sunnyvale, CA",160804,0.9499394428744449,0.05873688693033943,5.206296847623386
"Salinas, CA",156579,0.9473529122875946,0.008526672458636003,5.194733515093053
"Escondido, CA",160926,0.9398445351436717,0.01945359559905643,5.206626216531052
"Bellevue, WA",140847,0.9350621782738674,0.11827348586470346,5.148747601074571
"Kansas City, KS",149791,0.8973395131564541,0.01669127304219475,5.175485720120738
"Hollywood, FL",161591,0.9090023066177187,0.03549875878417721,5.208417168572333
"Joliet, IL",186746,0.9341929526604779,0.022018335823691552,5.2712513082302355
"Charleston, SC",174476,0.923931852393748,0.01564625134164269,5.2417356961410215
"Rockford, IL",167481,0.8860397580983175,0.02339247663438458,5.223965545323954
"Paterson, NJ",146844,0.6765801805920677,0.11689959145765282,5.166856206084382
"McAllen, TX",164166,0.9374824332463361,0.00939555249939171,5.215283216477974
"Murfreesboro, TN",156556,0.9636445788366961,0.004197333100195404,5.194669716583773
"Mesquite, TX",157338,0.9521797805550666,0.007982772296364704,5.1968336253393765
"Torrance, CA",147307,0.9454403599811301,0.020651198856875434,5.168223384922336
"Savannah, GA",181736,0.8913629732238907,0.038823907471659,5.259440965022513
"Bridgeport, CT",147022,0.7884504636892586,0.11931507567484907,5.167382326338055
"Naperville, IL",165646,0.9651080563652357,0.09235019814838373,5.2191809530528595
"Denton, TX",146271,0.950811937246884,0.01652712433620794,5.165158230510801
"Syracuse, NY",145870,0.7195524545405878,0.10761078463256876,5.163965982954884
"Pasadena, CA",145342,0.8945759717314488,0.06251969273788169,5.16239113207155
"Roseville, CA",139265,0.9552622218709244,0.012782418664912483,5.143841983496664
"Fullerton, CA",152846,0.9429379573264466,0.028841633791980327,5.1842540776668935
"Surprise, AZ",145620,0.9664153153482924,0.0016490083602522024,5.163221026715578
"West Valley City, UT",142735,0.960390906498691,0.028866745989500057,5.154530479373114
"Columbia, SC",168212,0.8999282692392148,0.020701264888398022,5.2258569745052155
"Thornton, CO",157906,0.9660474421263218,0.03222555816185524,5.198398632334987
"Orange, CA",154472,0.9625465085205666,0.019615985470777135,5.188849769537386
"Olathe, KS",133948,0.9649886816858898,0.0036901427508562465,5.126936233469063
"Waco, TX",147579,0.9099785055921892,0.007116226942097196,5.1690245632256735
"Dayton, OH",169547,0.808435622878036,0.06379887699631095,5.2292901096848965
"Carrollton, TX",147142,0.9711811813671751,0.01710220098722536,5.167736654812779
"Cedar Rapids, IA",143471,0.9363696124867261,0.013447859079308658,5.1567641253712955
"Midland, TX",135809,0.9606950677414552,0.002270706203679264,5.132928551393835
"Stamford, CT",127410,0.8975014672591599,0.1453158892724596,5.1052035157103415
"Warren, MI",134964,0.9159793330201973,0.012510908317363156,5.130217941188838
"Visalia, CA",132723,0.9242162087341684,0.012599866102360944,5.122946189688402
"Gainesville, FL",140034,0.8862469053689539,0.07652026286993069,5.146233494390089
"Hampton, VA",136428,0.9190744984071983,0.027639960764894344,5.134903512531201
"Miramar, FL",135310,0.9753192783296168,0.018493446231431815,5.13132989404281
"Kent, WA",138108,0.9327058222241151,0.07622821973067574,5.1402188361110435
"New Haven, CT",130405,0.7140972333280026,0.1432778411729566,5.115294243472432
"Sterling Heights, MI",131674,0.949451300397958,0.0051979125632738805,5.11950002878664
"Lafayette, LA",150445,0.9214707835890799,0.00809728160200279,5.17737775865308
"Fargo, ND",130539,0.9240273303359648,0.010999524473448714,5.1157402814398925
"Elizabeth, NJ",128042,0.7582862570614408,0.10810525886430944,5.107352449150477
"Pearland, TX",140557,0.9829935588103994,0.004661563611641453,5.147852479154927
"Santa Clara, CA",127917,0.9452218764282139,0.03831991219150552,5.106928265476111
"Thousand Oaks, CA",135773,0.9629637246031093,0.010743184001556936,5.132813414150276
"Provo, UT",111862,0.9553215796461543,0.0264807724429531,5.0486825798876245
"Victorville, CA",128495,0.9359006628072825,0.008692496491362788,5.108886228720565
"Simi Valley, CA",129057,0.9654295294253671,0.01345991824478636,5.110781565477532
"Coral Springs, FL",136097,0.9516710802666423,0.011845538350655934,5.133848552111451
"Hartford, CT",124320,0.6683389682626241,0.15666976946428754,5.094541001456839
"Wilmington, NC",125238,0.9205704553536337,0.014402045700503453,5.09773612349375
"Concord, CA",135088,0.9349968115524654,0.09935506907318871,5.130616771929145
"Topeka, KS",138341,0.9056012187345001,0.013973077418561287,5.140950910658205
"Norman, OK",125392,0.9522527598656065,0.008347165571505643,5.098269829423847
"Allentown, PA",119624,0.8136422819115591,0.06277953608220316,5.077818320303837
"Arvada, CO",126272,0.9638702749995028,0.02608741032242069,5.1013070592360785
"Columbia, MO",130859,0.9300129711582481,0.01245905105462351,5.116803597177832
"Ann Arbor, MI",117739,0.8783151980208399,0.11422780347303688,5.070920342871375
"Rochester, MN",112897,0.9189765458422174,0.06333710677099318,5.052682401617118
"Round Rock, TX",134061,0.9680188481186872,0.0085188017356171,5.127302454598675
"Abilene, TX",118005,0.944288996564981,0.00860833832660048,5.071900409224813
"Vallejo, CA",124856,0.9216152019002375,0.04267237975769967,5.09640941736642
"Sugar Land, TX",135420,0.9769720160435204,0.02098057182615985,5.131682809461406
"Richardson, TX",114049,0.9580164283541223,0.020966510122622163,5.0570914816654
"West Jordan, UT",116046,0.9773867863257956,0.023210640246746322,5.064630175314412
"Independence, MO",118950,0.9308598615563678,0.007183681721954576,5.075364446373285
"Evansville, IN",124709,0.8919835676327592,0.033354293994524574,5.095897796776811
"Beaumont, TX",119093,0.8977289882890849,0.008873696712731157,5.075886235448224
"North Charleston, SC",135111,0.9056071902767848,0.03225279458298971,5.130690708347177
"Palm Bay, FL",109257,0.9513630573248407,0.0019529515509436215,5.038449271399752
"Westminster, CO",131990,0.9582178338020759,0.04159788753217087,5.120541028862419
"Berkeley, CA",118585,0.7872090238007099,0.22149858702294617,5.074029757921831
"Cambridge, MA",105834,0.6865760857070603,0.2866773967660014,5.024625210612988
"Clearwater, FL",130458,0.8881155925763554,0.03030848290653246,5.115470716240572
"Lansing, MI",129744,0.8846365739890549,0.04346279633520644,5.113087283074313
"Billings, MT",112526,0.9389646956898419,0.011892923078828435,5.051252881131086
"Gresham, OR",120640,0.9010444783476118,0.08360944996529839,5.081491328525699
"Fairfield, CA",107577,0.9389791183294663,0.02158430176740454,5.031719428943667
"Lewisville, TX",117311,0.9599341759422211,0.010119597849420186,5.0693387368838
"Meridian, ID",110919,0.9755890741835188,0.001976829125352395,5.045005945503376
"College Station, TX",103084,0.9490879789026445,0.03504017328002484,5.013191262267527
"Costa Mesa, CA",125110,0.9552076677316294,0.02611683181859603,5.097292024091896
"Elgin, IL",145342,0.9528423635940508,0.026446022004924543,5.16239113207155
"Clovis, CA",108503,0.9464228510411106,0.004708580200564892,5.035441746160897
"Odessa, TX",116690,0.9531067985228145,0.005458959614660498,5.067033639842262
"El Monte, CA",121765,0.9039615846338536,0.047090546674297455,5.085522473097865
"Downey, CA",113191,0.9549931391980485,0.031138039967356874,5.053811896766346
"Manchester, NH",110231,0.8981395554377126,0.013733238563114064,5.0423037472894485
"Broken Arrow, OK",118856,0.9735125564925686,0.0012766145411082846,5.075021110347911
"Springfield, IL",141687,0.9045075453458079,0.0252868763134306,5.151330004889214
"Murrieta, CA",114055,0.9777001455604075,0.0025769243994164365,5.0571143288481935
"Everett, WA",125301,0.8949753816361427,0.06083222965398591,5.097954537017685
"Carlsbad, CA",117162,0.9690519222616418,0.017819096374825892,5.068786776645189
"Greeley, CO",103151,0.9303325532030697,0.0064749999226899994,5.013473442608508
"Pueblo, CO",107720,0.8874024782010096,0.01879381577201423,5.032296344739473
"High Point, NC",122481,0.9155430146900444,0.010969826159482561,5.088068723515719
"Temecula, CA",121744,0.9778539125668083,0.0021651307842673584,5.085447566756476
"League City, TX",115413,0.9794955366915574,0.012668617441142135,5.062254730052665
"San Buenaventura (Ventura), CA",110268,0.9338233492588509,0.020027648985674145,5.04244949757386
"West Palm Beach, FL",124165,0.9041536145803669,0.030317114681163854,5.093999192869392
"Miami Gardens, FL",123575,0.9190234677211382,0.06720113856634104,5.091930619132814
"Lakeland, FL",137812,0.9202688403809225,0.00884652504723386,5.139287035473484
"Peoria, IL",117414,0.8666792817795719,0.04588073411262844,5.069719883625794
"Pompano Beach, FL",102741,0.8989970994543041,0.04327027390916373,5.011743788489431
"Lowell, MA",109871,0.8249386859429456,0.03795069777178712,5.040883077300947
"West Covina, CA",122022,0.9603399433427762,0.03617122217125597,5.086438139012748
"Inglewood, CA",119169,0.9110234607109927,0.07169793735018559,5.076163295002362
"Waterbury, CT",109211,0.7977349943374858,0.056741252538697676,5.038266383778107
"Sandy Springs, GA",106187,0.9248280559889253,0.07442195561112339,5.026071351266661
"Antioch, CA",109648,0.9422077350013215,0.0747352491109907,5.04000071447332
"Richmond, CA",123648,0.9003175512737865,0.13635907992011229,5.092187096063362
"Tyler, TX",114475,0.9439011591852311,0.004307599567053483,5.058710652199735
"Allen, TX",92642,0.9863109512390088,0.01630222667909105,4.966807922242471
"Jurupa Valley, CA",111292,0.9563403683670945,0.01522450363855517,5.0464639470775134
"Green Bay, WI",113776,0.9122609673790776,0.014062075712365976,5.056050661296192
"Boulder, CO",112620,0.9192078513845076,0.07916565755736235,5.0516155230049895
"Norwalk, CA",107142,0.9424135291759304,0.02895374303103917,5.02995974900769
"Hillsboro, OR",109945,0.9305611022364217,0.0650753778426243,5.041175483612361
"Las Cruces, NM",113667,0.9328989199792563,0.0036218034982774985,5.055634397861824
"Renton, WA",115941,0.9322525902107895,0.06756055274440705,5.064237041874057
"Santa Maria, CA",104732,0.9290613020082299,0.017533532157252223,5.020079397056904
"Sparks, NV",107605,0.9219849401308481,0.018821457260580945,5.0318324518318445
"Burbank, CA",104583,0.9204280389563545,0.023837246397507065,5.019461095561706
"Centennial, CO",133712,0.9781249355098335,0.027869528891681903,5.126170384823099
"Wichita Falls, TX",97365,0.9232511520137461,0.00883740409591745,4.988402868186805
"South Bend, IN",112798,0.8710719049067552,0.030698139067580624,5.052301399322286
"Rialto, CA",135003,0.9506395244100162,0.020389375825339725,5.130343419376262
"Spokane Valley, WA",97559,0.9330624733528955,0.0208429763497913,4.989267340055923
"El Cajon, CA",124311,0.919260092488439,0.03849100476161946,5.094509560081155
"Daly City, CA",107647,0.9140906269397889,0.1979807523119123,5.032001931032702
"Davenport, IA",102884,0.9187182493161391,0.012208968578735312,5.012347840729423
"Orem, UT",95170,0.9629288764541305,0.0192920581633848,4.978500069311459
"Concord, NC",106001,0.9539334564629675,0.007170699850130799,5.025309962363198
"San Mateo, CA",102621,0.9471300684570827,0.10087208751992326,5.011236242363469
"Rio Rancho, NM",97467,0.9770439336630783,0.011643307676644066,4.988857598838867
"Sandy, UT",116068,0.9618872352909799,0.02624161216540112,5.064712501056336
"Nampa, ID",99417,0.956243678981498,0.001297618970746623,4.9974606537627135
"South Fulton, GA",138165,0.9172528537129859,0.06259745696211245,5.140398041359617
"Dearborn, MI",95483,0.9187953579078615,0.0028571186996415466,4.979926055736662
"Vista, CA",118723,0.9582438558816512,0.01720298110824647,5.07453486221885
"Vacaville, CA",93011,0.9501783662857488,0.008710369182708448,4.968534313680799
"Kenosha, WI",105345,0.9076355606855193,0.012042655490676872,5.022613927471968
"Yuma, AZ",115911,0.9341993927629286,0.01426023303320531,5.0641246526384265
"Beaverton, OR",134954,0.9164016272189349,0.09750154068499393,5.130185761454096
"Carmel, IN",91536,0.9749670619235836,0.0019300033297206432,4.9615919304215925
"Federal Way, WA",103598,0.9264129974597799,0.08118269356913856,5.015351371264929
"New Bedford, MA",94988,0.7894736842105263,0.025476450715191154,4.977668743573479
"Roanoke, VA",99329,0.8667403211019957,0.03654745073797024,4.997076063210903
"San Angelo, TX",94130,0.932654768544339,0.0028936695340887495,4.973728058688027
"Quincy, MA",93349,0.8358486301885845,0.2642339210043552,4.970109669935788
"Lee's Summit, MO",96003,0.9511194135461776,0.00436856298628676,4.9822848045300745
"Fishers, IN",92258,0.9847923513594263,0.0018014167435244266,4.965004035592229
"Menifee, CA",102104,0.9606984224230357,0.0071691149260626865,5.009042756228924
"Albany, NY",98425,0.7406139170845053,0.1522976745291236,4.993105423462267
"Brockton, MA",94813,0.8425807258291395,0.06557779611019315,4.976867888405489
"Longmont, CO",93581,0.945804931414626,0.02873460367061761,4.971187681721319
"Edinburg, TX",103193,0.9342584562012142,0.0060374265849059095,5.013650238333045
"Compton, CA",122720,0.917115790178422,0.06313617088809916,5.088915346604906
"Tuscaloosa, AL",116236,0.9095253343843142,0.009661370264286435,5.065340656281209
"Yakima, WA",101662,0.9131608987387588,0.01264704798836341,5.007158649340911
"Erie, PA",100157,0.8130019773942339,0.04568313947282637,5.000681307649919
"Hesperia, CA",102061,0.9522221840305228,0.005271190109331328,5.0088598192612945
"St. George, UT",78982,0.9587176435584648,0.005136135976253491,4.897528126842491
"Roswell, GA",97002,0.9491171391967916,0.025197765761268563,4.986780688699332
"Lawrence, KS",93188,0.9275755879059351,0.02441422487117989,4.969359991009367
"Mission Viejo, CA",104054,0.9695532266960838,0.009991128932563906,5.017258779833924
"Livonia, MI",94849,0.9504628134754063,0.002280091021033061,4.977032756450076
"Asheville, NC",103098,0.9199828647442112,0.013793979334829449,5.013250240478583
"Suffolk, VA",87061,0.9358243281560127,0.004505465242389923,4.9398236512430165
"San Marcos, CA",105583,0.961220597584234,0.015024511866467886,5.0235939977382085
"Bend, OR",85269,0.9553482659804667,0.005755101399768387,4.930791169784889
"South Gate, CA",95219,0.9236735563605369,0.07623370929934796,4.9787236161559
"Boca Raton, FL",97578,0.9465380411538279,0.013468940332125246,4.9893519123839
"Portsmouth, VA",95234,0.8859663409337677,0.0316517547050529,4.978792025865824
"Chico, CA",100543,0.9186699848628679,0.014083601295890938,5.002351839555352
"Deltona, FL",92162,0.9684743083003953,0.0026310039833012445,4.964551890770317
"Sunrise, FL",94163,0.9181258155554881,0.03313953372074955,4.973880286524958
"Edmond, OK",91212,0.95710780691123,0.0032486835873657884,4.960051978580048
"Carson, CA",93404,0.9585329458886358,0.035437739746148084,4.970365475167245
"Lynn, MA",92074,0.7721605359469016,0.13795275253073427,4.964137010754317
"Santa Monica, CA",92247,0.8977676361053107,0.04211817692079196,4.964952251203659
"Lawton, OK",94117,0.9174212354254527,0.010460974465366755,4.973668075492824
"New Braunfels, TX",72160,0.9547236221102312,0.0011077654548343639,4.858296524533885
"Greenville, NC",91502,0.9030755902100931,0.0197203722698195,4.961430586738264
"Bellingham, WA",86928,0.8858144521063916,0.05124465261185914,4.939159687689646
"Chino, CA",101834,0.9674728940783986,0.011783301852741273,5.007892803021335
"Goodyear, AZ",73435,0.9804079333789275,0.0037035325468755776,4.865903099207173
"Westminster, CA",104687,0.9323272286388871,0.01863384715560728,5.0198927544696845
"Bryan, TX",86315,0.919191270860077,0.018404933899620318,4.936086274871076
"Conroe, TX",112741,0.9541572377545806,0.008017430008857688,5.052081882644501
"Reading, PA",87899,0.7272821255039802,0.08188030533376396,4.943983934266578
"Miami Beach, FL",87682,0.7338751594764448,0.11135427359204803,4.942910447379546
"O'Fallon, MO",108691,0.9711246200607903,0.0013059085203154133,5.036193584452829
"Plantation, FL",103172,0.9551636324230602,0.019910032174151417,5.0135618494671865
"Tracy, CA",90921,0.9646871202916161,0.028522391145335925,4.9586642036927655
"Kirkland, WA",92171,0.9514904937015883,0.09376614968724037,4.964594299349792
"Ogden, UT",86661,0.9052679619246317,0.026630933802603958,4.937823696145116
"Santa Barbara, CA",94910,0.9072079991209757,0.05027759020365322,4.977311973396926
"Nashua, NH",87279,0.9266244375017914,0.016188680159158416,4.940909761675498
"Fall River, MA",88902,0.8019340040661002,0.022846949085544455,4.948911531264854
"Palm Coast, FL",87798,0.9623437649841767,0.0029779988106160486,4.943484622980627
"Redding, CA",103332,0.9211003702691285,0.010428121769073944,5.01423483527869
"Norwalk, CT",87930,0.9183642719382835,0.10959574706405459,4.944137073158098
"Indio, CA",95426,0.9406634530001269,0.014137453646659234,4.979666719757698
"Fayetteville, AR",94726,0.9336850421795754,0.015299213272872828,4.976469198715461
"Fort Smith, AR",90942,0.9027762715540614,0.006149897932011845,4.958764500995247
"Flint, MI",98918,0.8099435649003646,0.053619592605286696,4.995275326879063
"Newport Beach, CA",97949,0.9622095714153476,0.005251794147862042,4.991000006469613
"Waukegan, IL",103263,0.9175180158018117,0.03402838857698073,5.013944738031753
"Mission, TX",100790,0.9378123074816894,0.0015525900594703386,5.003417445202194
"Bloomington, MN",85080,0.9334493137823433,0.046637928513388494,4.929827481230691
"Hoover, AL",114442,0.9727133813577822,0.0007426867503888624,5.058585438973963
"Newton, MA",88317,0.9331995598420609,0.11542067169191438,4.946044308283969
"Citrus Heights, CA",93995,0.9470453857374839,0.01876201076649824,4.97310475221498
"San Leandro, CA",90953,0.9195300309029159,0.12469822940710695,4.958817028434778
"Champaign, IL",88969,0.8660150162912594,0.07213010860488966,4.949238709182151
"Lake Forest, CA",80635,0.9719097019286966,0.00824658536743382,4.9065235902853255
"Livermore, CA",93250,0.9618248108091547,0.05022682803810898,4.969648840480725
"Hawthorne, CA",100538,0.9135828877005348,0.0682218722207504,5.002330241568373
"Duluth, MN",92886,0.8802772691603453,0.041381021919283244,4.9679502610234705
"Avondale, AZ",84151,0.9535973752050622,0.008211241896891866,4.925059281237588
"Hemet, CA",98801,0.8990441003987802,0.011430415572467193,4.99476134025852
"Kennewick, WA",79465,0.9357926850650489,0.01523535864922345,4.90017588772781
"Whittier, CA",92574,0.9415352981494174,0.02901468724607348,4.966489029424396
"Trenton, NJ",83340,0.698573450941958,0.11069254939145694,4.920853496121259
"Franklin, TN",82902,0.9659522033788385,0.004002335623951322,4.918565007974718
"Fort Myers, FL",83641,0.8937058340180772,0.027094862437563767,4.92241921654025
"Clifton, NJ",85578,0.9097341485196125,0.12260011343056436,4.932362132590618
"Johns Creek, GA",91716,0.9882325253000706,0.008448996059090911,4.962445105632598
"Merced, CA",90564,0.8844341332559994,0.022607717688029445,4.956955596039023
"Bloomington, IN",86708,0.896540130814842,0.06198156300873248,4.9380591689360935
"Alhambra, CA",84866,0.9114871126059649,0.039095097664461086,4.928733733001842
"Melbourne, FL",93733,0.9241763201444261,0.00667845379864102,4.9718925171926545
"Auburn, WA",83310,0.924205298013245,0.06905778230756154,4.92069713446992
"Largo, FL",109706,0.9013897531632441,0.02483527008058312,5.040230380497531
"Troy, MI",82982,0.9595161135469005,0.005529234246835136,4.918983897816363
"Sioux City, IA",81949,0.9241061280161076,0.013354377311992906,4.913543658368608
"Santa Fe, NM",85957,0.9524106682584041,0.015696379853033494,4.934281249697704
"Longview, TX",86827,0.9291648447748142,0.002629123245028941,4.938654795771571
"Buena Park, CA",101764,0.944227207244289,0.033149027049466186,5.0075941692928
"Westland, MI",82218,0.9056101556101556,0.009434561358142912,4.914966908110492
"Danbury, CT",83890,0.9178617549106233,0.03807321718007778,4.923710194396563
"Brooklyn Park, MN",78823,0.9153255848606765,0.049895150855615626,4.896652960073501
"Medford, OR",89294,0.909347013818872,0.011507175898936257,4.950822277987817
"South Jordan, UT",62840,0.9761449860800262,0.0350492433094788,4.7982361763679355
"Springdale, AR",85661,0.9446999790926197,0.002065925446874249,4.9327831400109
"Baytown, TX",92481,0.9340574587055723,0.008040397134396405,4.966052517141915
"Chino Hills, CA",77951,0.9717234262125903,0.014701107078335785,4.891821690938539
"Redwood City, CA",92515,0.9418668791370434,0.0520080711011562,4.9662121531616235
"Lynchburg, VA",77817,0.85945124107206,0.03501947334791934,4.8910744838750775
"Buckeye, AZ",73265,0.9698703279938978,0.0010484944887456295,4.864896553945115
"Mountain View, CA",83663,0.9446354783714277,0.0629130277299647,4.922533433518409
"Warwick, RI",81881,0.9384860285966059,0.011641875891215486,4.9131831379942525
"Cranston, RI",80882,0.9290102164843468,0.02836308252418987,4.907851881680679
"Tustin, CA",93072,0.9617288462177336,0.023222539330039725,4.968819046454293
"San Ramon, CA",83712,0.9678062678062678,0.06688390179821727,4.9227877179721355
"Farmington Hills, MI",81154,0.939152220238438,0.004615322405012574,4.909309930633169
"Somerville, MA",77617,0.755903068664867,0.3294592670386403,4.889956852670623
"Temple, TX",81326,0.9248084776079106,0.005407343149129622,4.910229412154467
"Folsom, CA",78312,0.9591814716248291,0.02195161326698259,4.893828315499481
"Gastonia, NC",93019,0.9204697401313877,0.006341122253031029,4.968571666321312
"Lakewood, CA",85178,0.959650795979752,0.02860869332171421,4.930327438518183
"Lake Charles, LA",86517,0.9043552276918712,0.005170781053124502,4.9371014517514
"Manteca, CA",75842,0.9579156656449341,0.01415007368636732,4.879909777092551
"Milpitas, CA",75259,0.9519756294238867,0.03583275277675376,4.876558443357122
"Lawrence, MA",79337,0.7482433324275011,0.04897244920499082,4.899475774307042
"Loveland, CO",87805,0.9566357459046437,0.006404618518155781,4.943519247233914
"Pharr, TX",79054,0.928060522696011,0.002582808728211366,4.8979238493976105
"Plymouth, MN",75420,0.9657505285412262,0.036526678634669046,4.877486528069602
"Missouri City, TX",116436,0.9746787088324375,0.01868840114669565,5.066087277428346
"Iowa City, IA",77351,0.9079878665318504,0.09134139654467426,4.888465932665956
"Jonesboro, AR",76892,0.9157468354430379,0.005772609344012071,4.8858811572710215
"Deerfield Beach, FL",79589,0.9038058874245597,0.018976714214753714,4.900853048021375
"Perris, CA",88898,0.9632289156626506,0.01353830738356969,4.948891990455767
"Layton, UT",82688,0.9505469111076875,0.018764076295555793,4.917442487642952
"Parma, OH",80088,0.9386365672310311,0.017040576690812072,4.903567448366399
"Jacksonville, NC",68709,0.9377081376483648,0.004119092118445448,4.837013627806775
"Racine, WI",88384,0.8800070325548686,0.032091269449205546,4.946373652562518
"Bellflower, CA",77687,0.936009983647474,0.031684226878494356,4.890348350839271
"Pasco, WA",71245,0.9483023211202762,0.003986575589821297,4.852754390805389
"Hammond, IN",78349,0.911856556370399,0.041886876075664714,4.894033457763723
"Upland, CA",75851,0.9567298839992635,0.02347776519001307,4.879961310786811
"Wyoming, MI",74799,0.9183943380040034,0.025189269923191718,4.873895791749689
"Pleasanton, CA",74887,0.9666302998382303,0.08785701646326217,4.874406432942727
"Kalamazoo, MI",77558,0.8596869755813555,0.031942505795633354,4.889626601332881
"Bloomington, IL",84251,0.9198693425931376,0.016538605588966433,4.9255750643434295
"Bethlehem, PA",75110,0.8756139744033207,0.045339220446556465,4.8756977619802075
"Warner Robins, GA",108419,0.9537011574710632,0.00018355789715895798,5.035105397258496
"Rapid City, SD",78319,0.9445013770575802,0.003492997140213272,4.893867133630954
"Flagstaff, AZ",70743,0.9496871088861076,0.02401443019392494,4.849683473005162
"Albany, GA",80410,0.856032277110805,0.02387955237237962,4.905310062116086
"Boynton Beach, FL",89789,0.9307559946714032,0.026247983163722288,4.953223134752856
"Alameda, CA",77334,0.9198774365995176,0.17817881609762454,4.888370474073048
"Evanston, IL",75472,0.8345276421919895,0.21577334964513425,4.8777858589016265
"New Rochelle, NY",79299,0.8200332943718344,0.2133301609109625,4.899267710681787
"Camden, NJ",76005,0.6506821667877614,0.13393115150798426,4.880842163346352
"Missoula, MT",79611,0.9309796531315332,0.02470023135136107,4.900973079160354
"Rock Hill, SC",84224,0.9276195530396839,0.0027513337755327963,4.925435863261824
"Baldwin Park, CA",81417,0.9496074002366355,0.03913252573464655,4.910715095741129
"Appleton, WI",82453,0.9490016107953682,0.012114954219285115,4.9162064617967065
"Napa, CA",83855,0.9400460923202061,0.01753339954175513,4.923528963276861
"Scranton, PA",76380,0.8436378691691968,0.019871056025418634,4.882979654037299
"Mansfield, TX",65750,0.9774577046181985,0.0027053132581817455,4.8178957571617955
"Lafayette, IN",83079,0.9156657368930381,0.03685010745023301,4.919491260406446
"St. Joseph, MO",78515,0.9005826036591599,0.010875723161552671,4.894952635024377
"Frederick, MD",77992,0.9125552463578327,0.03544313788067163,4.892050057382281
"Cedar Park, TX",89842,0.9805165695368806,0.008078238437899676,4.953479411322143
"Rancho Cordova, CA",71470,0.9349732195992858,0.032519494865925674,4.854123782101167
"Kissimmee, FL",72366,0.9155477031802121,0.02560939649306414,4.8595345678459285
"Southfield, MI",72965,0.902891418025223,0.020619498232964086,4.863114586806197
"Rochester Hills, MI",74474,0.9529825059437209,0.0006465510382069114,4.872004680434948
"Greenville, SC",80389,0.895383075201696,0.008567770673985516,4.905196626284123
"New Britain, CT",72876,0.8249519880503592,0.03346943889923836,4.862584527170188
"Woodbury, MN",66699,0.9833628464357781,0.03448079867507963,4.824119322706092
"Broomfield, CO",62449,0.9687970383629633,0.03655924552393922,4.795525488379345
"St. Charles, MO",86546,0.944131855640807,0.002749484586253252,4.93724700036772
"Wilmington, DE",73588,0.7632104719255942,0.14634356757887743,4.866806999681489
"Gary, IN",77858,0.811568658868771,0.04883053228828621,4.8913032434597215
"Waukesha, WI",82224,0.926940226560617,0.012461415621376107,4.9149986003410975
"Lehi, UT",73007,0.9843255051884217,0.020528480797575806,4.863364502800268
"Turlock, CA",77857,0.9157142857142857,0.004680372317738461,4.891297665391045
"Lauderhill, FL",72386,0.8797076313181368,0.07266792201431897,4.859654578480578
"Gulfport, MS",77503,0.9312876324178124,0.013087689226914369,4.889318513580236
"Bismarck, ND",70147,0.9481234415983938,0.003914834163482171,4.84600910214548
"Homestead, FL",73780,0.8653259025926824,0.07438819621396046,4.8679386508907845
"Gaithersburg, MD",87309,0.9219107728482149,0.14620602587178588,4.941059014024861
"Framingham, MA",70743,0.9081912741982087,0.03962403440286865,4.849683473005162
"Union City, CA",74861,0.9417116860961047,0.08719883881865802,4.8742556241620685
"Marysville, WA",69274,0.9571229850257753,0.02583082098418393,4.840570265271786
"Redlands, CA",84040,0.9505417194315464,0.012766378413020453,4.924486043733915
"Pawtucket, RI",71389,0.8565094133895471,0.03786981012197032,4.8536312985082
"Canton, OH",97193,0.8571779261586803,0.036110383199477764,4.987634987448437
"St. Cloud, MN",68889,0.9050051828816822,0.02566354828361322,4.838149880533335
"Daytona Beach, FL",78737,0.864474858673014,0.027449073766329046,4.896178863486135
"Rogers, AR",69911,0.9675952245594087,0.0012574246609726681,4.844545514278569
"Decatur, IL",80401,0.8799228372162042,0.020350137976593772,4.90526145038752
"Doral, FL",53564,0.9831895737581061,0.008131110810278303,4.728873001369515
